{
	"info": {
		"_postman_id": "17c51a8e-3786-45cb-9fed-2af71dd32ce6",
		"name": "blogSystem",
		"schema": "https://schema.getpostman.com/json/collection/v2.1.0/collection.json",
		"_exporter_id": "21270938"
	},
	"item": [
		{
			"name": "blog",
			"item": [
				{
					"name": "add blog",
					"request": {
						"method": "GET",
						"header": []
					},
					"response": []
				},
				{
					"name": "edit blog",
					"request": {
						"method": "GET",
						"header": []
					},
					"response": []
				},
				{
					"name": "view blog",
					"request": {
						"method": "GET",
						"header": []
					},
					"response": []
				},
				{
					"name": "total blog of user",
					"request": {
						"method": "GET",
						"header": []
					},
					"response": []
				},
				{
					"name": "total blog",
					"request": {
						"method": "GET",
						"header": []
					},
					"response": []
				},
				{
					"name": "view blog by Id",
					"request": {
						"method": "GET",
						"header": []
					},
					"response": []
				},
				{
					"name": "view By userID",
					"request": {
						"method": "GET",
						"header": []
					},
					"response": []
				},
				{
					"name": "edit like",
					"request": {
						"method": "GET",
						"header": []
					},
					"response": []
				}
			]
		},
		{
			"name": "user",
			"item": [
				{
					"name": "registration",
					"request": {
						"method": "GET",
						"header": []
					},
					"response": []
				},
				{
					"name": "login",
					"request": {
						"method": "GET",
						"header": []
					},
					"response": []
				},
				{
					"name": "edit profile",
					"request": {
						"method": "GET",
						"header": []
					},
					"response": []
				},
				{
					"name": "edit password",
					"request": {
						"method": "GET",
						"header": []
					},
					"response": []
				},
				{
					"name": "view profile",
					"request": {
						"method": "GET",
						"header": []
					},
					"response": []
				},
				{
					"name": "totaluser",
					"request": {
						"method": "GET",
						"header": []
					},
					"response": []
				},
				{
					"name": "user-list",
					"request": {
						"method": "GET",
						"header": []
					},
					"response": []
				}
			]
		},
		{
			"name": "comment",
			"item": [
				{
					"name": "add comment",
					"request": {
						"method": "GET",
						"header": []
					},
					"response": []
				},
				{
					"name": "edit comment",
					"request": {
						"method": "GET",
						"header": []
					},
					"response": []
				},
				{
					"name": "view comment",
					"request": {
						"method": "GET",
						"header": []
					},
					"response": []
				},
				{
					"name": "view by user",
					"request": {
						"method": "GET",
						"header": []
					},
					"response": []
				},
				{
					"name": "total comment",
					"request": {
						"method": "GET",
						"header": []
					},
					"response": []
				}
			]
		},
		{
			"name": "document",
			"item": [
				{
					"name": "insert profile",
					"request": {
						"method": "GET",
						"header": []
					},
					"response": []
				},
				{
					"name": "view profile img",
					"request": {
						"method": "GET",
						"header": []
					},
					"response": []
				}
			]
		}
	]
}